{"cameraMode":{"drawMode":0,"name":"Shaded","section":"Shading Mode"},"sceneLighting":false,"audioPlay":false,"sceneViewState":{"m_AlwaysRefresh":false,"showFog":true,"showSkybox":false,"showFlares":true,"showImageEffects":true,"showParticleSystems":true,"showVisualEffectGraphs":true,"m_FxEnabled":true},"in2DMode":false,"pivot":{"x":-5.222721576690674,"y":3.556643009185791,"z":-2.9440085887908937},"rotation":{"x":0.3375917971134186,"y":-0.014118545688688755,"z":0.005064510274678469,"w":0.9411736130714417},"size":0.8660253882408142,"orthographic":true}