{"cameraMode":{"drawMode":0,"name":"Shaded","section":"Shading Mode"},"sceneLighting":false,"audioPlay":false,"sceneViewState":{"m_AlwaysRefresh":false,"showFog":true,"showSkybox":false,"showFlares":true,"showImageEffects":true,"showParticleSystems":true,"showVisualEffectGraphs":true,"m_FxEnabled":true},"in2DMode":false,"pivot":{"x":-0.042222391813993457,"y":0.06634801626205445,"z":-0.10181549191474915},"rotation":{"x":0.5491829514503479,"y":0.005014143884181976,"z":-0.003295139642432332,"w":0.835680365562439},"size":0.8660253882408142,"orthographic":true}